id,name,description,category,image,price
1,iPhone 15,Latest Apple smartphone with A16 chip,electronics,/images/products/1.png,79999
2,Samsung Galaxy S23,Flagship Android smartphone,electronics,/images/products/2.png,74999
3,OnePlus 11 5G,High performance Android phone,electronics,/images/products/3.png,56999
4,Apple MacBook Air M1,Lightweight performance laptop,electronics,/images/products/4.png,89999
5,Dell Inspiron 15 Laptop,Reliable everyday laptop,electronics,/images/products/5.png,55999
6,Sony WH-1000XM4 Headphones,Noise cancelling over-ear headphones,electronics,/images/products/6.png,24999
7,boAt Airdopes 141 Earbuds,Wireless Bluetooth earbuds,electronics,/images/products/7.png,1299
8,Amazon Fire TV Stick 4K,Streaming device with Alexa,electronics,/images/products/8.png,5999
9,Mi Smart TV 43 Inch,Full HD Android Smart TV,electronics,/images/products/9.png,23999
10,Canon EOS 1500D DSLR Camera,Entry-level DSLR camera,electronics,/images/products/10.png,38999

11,Men Cotton Crew Neck T-Shirt,Comfortable daily wear t-shirt,clothing,/images/products/11.png,499
12,Men Slim Fit Blue Jeans,Denim slim fit jeans,clothing,/images/products/12.png,1299
13,Men Formal White Shirt,Cotton office wear shirt,clothing,/images/products/13.png,799
14,Men Winter Hoodie Sweatshirt,Warm fleece hoodie,clothing,/images/products/14.png,1499
15,Women Printed Kurti,Traditional ethnic kurti,clothing,/images/products/15.png,899
16,Women Silk Saree,Elegant festive saree,clothing,/images/products/16.png,2499
17,Women Casual Western Top,Stylish daily wear top,clothing,/images/products/17.png,699
18,Women Winter Jacket,Stylish warm jacket,clothing,/images/products/18.png,1999
19,Men Sports Shorts,Lightweight workout shorts,clothing,/images/products/19.png,599
20,Women Stretch Leggings,Comfortable elastic leggings,clothing,/images/products/20.png,499

21,Prestige Aluminum Pressure Cooker,Durable kitchen pressure cooker,home_kitchen,/images/products/21.png,1299
22,Pigeon 2 Burner Gas Stove,Compact LPG gas stove,home_kitchen,/images/products/22.png,1799
23,Philips Mixer Grinder 750W,Powerful kitchen mixer grinder,home_kitchen,/images/products/23.png,2499
24,Milton Stainless Steel Water Bottle,Insulated steel bottle,home_kitchen,/images/products/24.png,599
25,Cello Opalware Dinner Set,Complete dinnerware set,home_kitchen,/images/products/25.png,1999
26,Electric Kettle 1.5L Stainless Steel,Fast boiling kettle,home_kitchen,/images/products/26.png,999
27,Nonstick Frying Pan 24cm,Durable nonstick pan,home_kitchen,/images/products/27.png,899
28,Airtight Storage Containers Set,Kitchen storage boxes set,home_kitchen,/images/products/28.png,699
29,Stainless Steel Kitchen Knife Set,Sharp multipurpose knives,home_kitchen,/images/products/29.png,999
30,Modern Wall Clock Round,Stylish home wall clock,home_kitchen,/images/products/30.png,499

31,Lakme Peach Milk Moisturizer,Daily nourishing face cream,beauty,/images/products/31.png,299
32,Neutrogena Ultra Sheer Sunscreen SPF50,Lightweight sun protection lotion,beauty,/images/products/32.png,499
33,Garnier Men Oil Clear Face Wash,Oil control face cleanser,beauty,/images/products/33.png,199
34,Maybelline New York Hypercurl Mascara,Volumizing eye mascara,beauty,/images/products/34.png,399
35,Nivea Cocoa Nourish Body Lotion,Deep moisturizing body lotion,beauty,/images/products/35.png,349
36,Minimalist Niacinamide 10% Serum,Face serum for acne control,beauty,/images/products/36.png,699
37,Himalaya Neem Face Pack,Herbal anti-acne face pack,beauty,/images/products/37.png,149
38,Loreal Paris Total Repair 5 Shampoo,Hair repair shampoo,beauty,/images/products/38.png,399
39,Nivea Original Care Lip Balm,Hydrating lip care balm,beauty,/images/products/39.png,149
40,Maybelline Fit Me Compact Powder,Matte finish face powder,beauty,/images/products/40.png,299

41,Men Running Shoes Lightweight,Breathable sports running shoes,footwear,/images/products/41.png,1499
42,Women Casual Sneakers White,Stylish everyday sneakers,footwear,/images/products/42.png,1399
43,Men Formal Leather Shoes Black,Office wear formal shoes,footwear,/images/products/43.png,1999
44,Women Flat Sandals Beige,Comfortable flat sandals,footwear,/images/products/44.png,999
45,Men Flip Flops Rubber,Daily wear slippers,footwear,/images/products/45.png,499
46,Kids School Shoes Black,Durable school footwear,footwear,/images/products/46.png,899
47,Men Sports Sneakers Grey,Lightweight gym sneakers,footwear,/images/products/47.png,1799
48,Women Party Heels High,Stylish high heel sandals,footwear,/images/products/48.png,1499
49,Men Casual Loafers Brown,Slip-on casual shoes,footwear,/images/products/49.png,1599
50,Women Indoor Slippers Soft,Comfort home slippers,footwear,/images/products/50.png,599

51,Fastrack Analog Watch Men,Stylish wrist watch for men,accessories,/images/products/51.png,1499
52,Wildcraft Backpack Travel,Durable everyday backpack,accessories,/images/products/52.png,1299
53,RayBan UV Protection Sunglasses,Stylish protective sunglasses,accessories,/images/products/53.png,5999
54,Men Leather Wallet Brown,Compact bifold wallet,accessories,/images/products/54.png,799
55,Women Handbag Shoulder Style,Trendy daily handbag,accessories,/images/products/55.png,1599
56,Mi Power Bank 20000mAh,Fast charging portable power bank,accessories,/images/products/56.png,1999
57,Noise True Wireless Earbuds,Bluetooth in-ear earbuds,accessories,/images/products/57.png,1299
58,Amazon Basics Laptop Sleeve,Protective laptop sleeve case,accessories,/images/products/58.png,699
59,Travel Neck Pillow Memory Foam,Comfortable travel pillow,accessories,/images/products/59.png,499
60,Adjustable Mobile Phone Stand,Desk phone holder stand,accessories,/images/products/60.png,199

61,Whey Protein Powder 1kg,Muscle building protein supplement,fitness,/images/products/61.png,2499
62,Yoga Mat Anti-Slip 6mm,Comfortable exercise mat,fitness,/images/products/62.png,799
63,Dumbbells Set 10kg Home Gym,Strength training weights,fitness,/images/products/63.png,1499
64,Skipping Rope Adjustable,Cardio workout rope,fitness,/images/products/64.png,299
65,Resistance Bands Set Workout,Elastic exercise bands,fitness,/images/products/65.png,499
66,Ab Roller Wheel Trainer,Core strengthening equipment,fitness,/images/products/66.png,699
67,Home Treadmill Foldable,Running machine for home,fitness,/images/products/67.png,24999
68,Exercise Bike Indoor Cycle,Cardio stationary bike,fitness,/images/products/68.png,18999
69,Doorway Pull Up Bar,Upper body workout bar,fitness,/images/products/69.png,999
70,Foam Roller Muscle Recovery,Deep tissue massage roller,fitness,/images/products/70.png,799

71,Atomic Habits by James Clear,Self improvement habits book,books,/images/products/71.png,499
72,Rich Dad Poor Dad by Robert Kiyosaki,Personal finance book,books,/images/products/72.png,399
73,Ikigai by Hector Garcia,Japanese philosophy book,books,/images/products/73.png,299
74,The Alchemist by Paulo Coelho,Inspirational fiction novel,books,/images/products/74.png,299
75,Think and Grow Rich by Napoleon Hill,Success mindset book,books,/images/products/75.png,349
76,Deep Work by Cal Newport,Focus and productivity guide,books,/images/products/76.png,399
77,The Power of Habit by Charles Duhigg,Habits psychology book,books,/images/products/77.png,399
78,Start With Why by Simon Sinek,Leadership and purpose book,books,/images/products/78.png,449
79,Zero to One by Peter Thiel,Startup and innovation book,books,/images/products/79.png,399
80,Harry Potter Box Set by J.K. Rowling,Fantasy novel collection,books,/images/products/80.png,1999

81,LEGO Classic Bricks Set,Creative building blocks toy,toys,/images/products/81.png,1999
82,Remote Control Car High Speed,Electric RC toy car,toys,/images/products/82.png,1499
83,Barbie Fashion Doll,Kids fashion doll toy,toys,/images/products/83.png,999
84,Kids Jigsaw Puzzle 500 Pieces,Brain development puzzle toy,toys,/images/products/84.png,399
85,Soft Teddy Bear Plush Toy,Cute stuffed teddy bear,toys,/images/products/85.png,699
86,Hot Wheels Car Pack Set,Mini die-cast car toys,toys,/images/products/86.png,799
87,Kids Building Blocks Set,Educational block toy set,toys,/images/products/87.png,599
88,Magnetic Drawing Board for Kids,Reusable drawing toy board,toys,/images/products/88.png,499
89,Kids Musical Keyboard Toy,Electronic piano toy,toys,/images/products/89.png,1299
90,Beyblade Burst Battle Set,Spinning battle toy set,toys,/images/products/90.png,999

91,India Gate Basmati Rice 5kg,Premium long grain basmati rice,groceries,/images/products/91.png,899
92,Aashirvaad Whole Wheat Atta 5kg,High quality wheat flour,groceries,/images/products/92.png,299
93,Tata Salt Iodized 1kg,Refined iodized salt,groceries,/images/products/93.png,28
94,Fortune Sunflower Oil 1L,Refined cooking oil,groceries,/images/products/94.png,179
95,Bru Instant Coffee 200g,Rich instant coffee powder,groceries,/images/products/95.png,399
96,Taj Mahal Tea 1kg,Premium tea leaves pack,groceries,/images/products/96.png,499
97,Maggi 2-Minute Noodles Pack,Instant noodles multipack,groceries,/images/products/97.png,168
98,Amul Butter 500g,Fresh dairy butter pack,groceries,/images/products/98.png,275
99,Kelloggs Cornflakes 475g,Breakfast cereal pack,groceries,/images/products/99.png,350
100,Britannia Good Day Biscuits Pack,Popular biscuit pack,groceries,/images/products/100.png,120